id,phone_sequence
fadg0_si1279,hIwLAJaIwDaBLMrDwLMwQ
fadg0_si1909,tbLKFLkwDBPJLIFBULhwLDyNwKr
fadg0_si649,wLJcQrJtrCcBgLcQvyDwLMywQLHrLHwJwDIwJLHnLMtrvrIFwLABymrKwLH
fadg0_sx109,KyJBwLMwDLJLHIwEvrbELAcBaDcJLMyLHJBFLH
fadg0_sx19,cBPCwDcCJFQSnrLAwDatwDLhytBnDUy
fadg0_sx199,TcDLiwBLkIcDKOmcQGmwLAJLHFKrLMwLAwDLMsLzwJLkwUyUcJ
fadg0_sx289,SnlrLHIytLAcBaKwUrQwryJtcBwnwDJybmB
fadg0_sx379,vbDLuwLJLMIcDwEScUDUaDNrJLksU
faks0_si1573,vwULAbLMcDFJLMwDcDvbLurLkwDwULhTPmwtBLhPLMJLSrSaIDwDKbLhy
faks0_si2203,lwIyUwDwJtrlwJLMgQJyCLMtBwKDe
faks0_si943,HIwLkcLAKwDstaBtaILhcBFnLAJLHwLMsKDLJ
faks0_sx133,HyLJrIywUaILAwDyDwDtrwLASwLABcDLi
faks0_sx223,HOLlcLhcLirLhBaLMsLhGwDwLuraK
faks0_sx313,kIaLtaLtaIDJwcDcLhaLAJLHctaIyLuFe
faks0_sx403,vrSaILuIFLADJnJcQFDByJLArLMJwDLhBgLJwJ
faks0_sx43,nBlrByLHyLHBaIatcDnwLAJLABPLkwLk
fcal1_si1403,wSsUlbDLkwmcLHsKwDJgLAwLABLhBgDwJLCbDwtnJwLJnBt
fcal1_si2033,hOLhwLABeJBKsDLkwNrFBSswJLMaIyBgLlwJ
fcal1_si773,BnmaBLHIaLznLAJLMIgJBytrJnQIBLksU
fcal1_sx143,lwJbDLkwLzwDwtrULhTPmBJLAwrlwnDcBF
fcal1_sx233,vgSswDtIySsCyDwJsDLNsE
fcal1_sx323,lwtaLHrQnDwLknCtrCrIgQwEcDLMgC
fcal1_sx413,kbtLDyJLSymwKLDsmcLHGDLMJLAaItLCbLiLirJLArLM
fcal1_sx53,yQDwUwLhBQcLAbLhTwBwrIyLAwDLMsDJwCLhBU
fcmh0_si1454,cIwLzByLlcCsDLMgLKTPULkcSrQnIynJLAcCLHwUwKwDUcQLHaBynJLMrJ
fcmh0_si2084,ScmwLhemwLMyIwClnCD
fcmh0_si824,JnQBtrCUnCsLiwDLkgUwEwDUgDLHInLHrsKwDLMIPNyCnDwtbLKrwU
fcmh0_sx104,vyJLMFBnLkgCQIcCcLhsLur
fcmh0_sx14,hytaINnIwULkwUwLUbCLIyQTPnQIytaICywBc
fcmh0_sx194,lswDLzGcSnDgaLkwKwD
fcmh0_sx284,zctLMaTPaILuTPLkwDtsLhrclcJwDLzwtTPLzLHrLiwJ
fcmh0_sx374,zaDLAByDULKnBtwKtaIBwLwE
fdac1_si1474,vaJLAycEDCbDvyJbLhBwNLCaLkwJLMsJ
fdac1_si2104,vavgvyNaLsBgKLkcQGacJyLbLBgbJLM
fdac1_si844,NaJLMnLDwLAFcBQtwKwDUsywUwLisyQLbLlysLAJLHbDLMJcQbLiOBLwnwLAJLHwIywDLJ
fdac1_sx124,aLzwLJLCsmwQLHTPmrLhTPBmctB
fdac1_sx214,lwcCaDwELkwFaDlwJLHgwLkcSbLuBnJwDLkwLwDlwJcD
fdac1_sx304,isLMJLMaLAwEUIaDctInJLMgDlnDLSaD
fdac1_sx34,keDLkPLigByJLMwsmyLkwKwU
fdac1_sx394,AeJywCsLJLhFDJwDLMyJLMIaD
fdhc0_si1559,lwKPcByQyUwLHIaLAJwCsmwLkScmySwJtyByESwNwDwCJnBt
fdhc0_si2189,TwJalwcCaBSyULMwLunlrlFUyrU
fdhc0_si929,lwLMJcncLiLAsJwUSrwDlwLHbJLMnDTPKPB
fdhc0_sx119,lwCwJLABFScwUIyLMIbLMwLkSwNwDcLHaBwLzy
fdhc0_sx209,CgLAFLAcBrLlwLhnLzrCSaBSwNLAIscDU
fdhc0_sx29,vnBLHLuInLkwLHwLAwcLHnLAcQLHwLMsmcDU
fdhc0_sx299,KyDyELHIyCwUwLHaLHyBrgmwCgDvaBcSyD
fdhc0_sx389,lscmcLhwEveJwDlwIwCFLAcDLMIyJgLk
fdms0_si1218,HFBcLJLCaIcQrLMwSnBcvyCwDLHbKDU
fdms0_si1502,vwSwUDgLUbLABwLHbDwnwLkQsLustLSsLMyLhwLHsLAwLDaLzwJwLHnr
fdms0_si1848,SyLAwDLkgLMyTPLSyLADLkgBgLuIyBLHyLHB
fdms0_sx138,lwLABwDUwLAvnJLCrJLHwBUcDwLAJLHnDJwQLHrtTPC
fdms0_sx228,lwQvTwLHGDLMFQrBOLNyTOKD
fdms0_sx318,HByJLkwLCaLMcLMsmcUcLhytatIaJLM
fdms0_sx408,gLkIlcJcLhSsLlnvbQcDLMwDwQLisDLz
fdms0_sx48,uIbDclreLuIPvrLHIwEyDLHnDwLAnLMJ
fdrw0_si1283,lwQwEwDwKnBLlwlwQsmyBbLMwIwmyctaBeLlwLAsUQIaLHcQBybLMtaIrJLM
fdrw0_si1423,heLkaDvyLkamcLMwLhBF
fdrw0_si653,KnBylwJwUcIyaBcmySyaBwLDeBwLz
fdrw0_sx113,nDcJLAwBcveLkcCnDLwULuOLktIwTwLhbtLA
fdrw0_sx203,lwLAaUSsnDLkwmwLhIcLHByLbLlwKwcBc
fdrw0_sx23,kFUDyUwKwDUvaCwDgUDalcBwJBy
fdrw0_sx293,HByJLMsLkwULkwmyLMsLHcLAaLMwlwLAByDwUtwDy
fdrw0_sx383,lwLAaLHwLAByDwKbCLHPmaIwvnDcBIcLk
fedw0_si1084,lnLhswEDLCsLhyLhctaICsKwDwcaQsKsLtaBCLSwLiLacLhwKsLMJlyQat
fedw0_si1653,vyJLHFLAJFlwLBy
fedw0_si1714,vwrULScBcLALSOLDaDBlyJLMnLHwD
fedw0_sx184,lsLAbLJLCyTeLaBSsUvryLMJLCgLTwrU
fedw0_sx274,ABwtLScJPQLhaLkMcBcLzwIywJLDcJaLz
fedw0_sx364,lyLznDLMgCDBywDLAaCBaJLAFnDJgmwLSwLlcLhIsLkeDcQsvymwELJwJLMcCLHaLM
fedw0_sx4,zsDCswryECaICgDyLheSrLAwDvaILk
fedw0_sx94,DaDLAJLMrcJBcQLAaCcDLAbDLkynULMIyLJ
felc0_si1386,wDSsLzLDwLuFKysKwDUlywDLkwJLMIyLhaILuwDUwUwTPDwDLSclcJwDLuBTrDTwD
felc0_si2016,vyQaDFUIFLHJLlcLhFLMJLAcCcDJLMcLA
felc0_si756,lwLMwIwBJLJrIwCwLCaBwDLABsLInLkSgLkaILhct
felc0_sx126,aImctwKBwDLMnBcLzwDLJwJtrIyB
felc0_sx216,lcJLCaBLhGLHOLlcSarCcDvFLA
felc0_sx306,cLiFUwDtTPSBLhyLAcCLznDrBJ
felc0_sx36,cacBylcCFJLMcwLAaCLHBcJaImcJcLMsDLHaLHwBwnrmy
felc0_sx396,lctwKLHwLubDLMcSyLHInDLMwLABycDlcJrQcJcQlcJLCaBsLA
fgjd0_si1179,ScLKclyUwtnLAJLhy
fgjd0_si549,lsJLHIFLrwDUnDLMwJgULNwLAJnLMrDJcQLhgIsKBLABbJLIPCULHyJLBy
fgjd0_si818,hFDUwELAaIBwLzLMIwDULCwLMaIBywDLMwDLMwPIwtBnLcBLMrJaDwLAJwLDBJ
fgjd0_sx189,lwJLMIGnQIytgBIwBsmwLMwCgaLkwLJ
fgjd0_sx279,eLJwUwQwBLMyLicSrLASwNeJwLHrQwKwDwUDFLSrly
fgjd0_sx369,haLHsLHrLkFQclcBwQwyEIPCwrBU
fgjd0_sx9,vSnISrwTPvaBSySrcSs
fgjd0_sx99,CwLkyQBJcJgwmySwULHsJLMrCvgraILAyJ
fjem0_si1264,lnDLJwUaBLMwDPLkLScNtcELurJLHFLAwDwcQrJPQU
fjem0_si1894,gtalnInDTwCatvTwIJwLANTywUlcLuF
fjem0_si634,vwrvwULASgLtrJLSsNwQByLlwQnIywCLhgmwCwmwQCyDwtJDJLBgDcJ
fjem0_sx184,lwLAbLMJLCyeaBSsJvrLCgwyTPU
fjem0_sx274,ABwtBwJPNLhglcBwLAKwIywJLCctgU
fjem0_sx364,yLzcDLMgCByDLAcCBatJLAFnDNgmwLkSwNcLHIsLkeDwQwvymwEJcJLMcCLHaI
fjem0_sx4,zsDCswrCaICgDyLhgSrLAwEcvgr
fjem0_sx94,TcENrUBcQLAaCwDLAbDLkywJLMIyLJ
fjlm0_si1043,wDaJcLHIgUwEByLlwJwLHIFLiJLkwLDeSrLA
fjlm0_si1673,ScDLNsELAyNaLDcLhcmyDFUcLhbmwTn
fjlm0_si2303,wDKaInDLMwLhaIcDaILhrBtIsULJBgKLMywCLhr
fjlm0_sx143,lwJnDcLzwDrtrKLhymBJLAwIrlbDkcBe
fjlm0_sx233,veSswDLtIySsDCyDlcJgDLNsE
fjlm0_sx323,lctaBLHrQyDwLlwnCtrCrIaQwEaDLMacC
fjlm0_sx413,lnNyJLSwKLDymBLHBwLJLAaItLCbLiLMrJLAr
fjlm0_sx53,yQwDcJwCLHBLAbLhTwBnIyLAwDLMsDLJwCBU
fjmg0_si1181,HIaLHrByULlwLHInUwCLhOLMwnUwDnLAJBwDLwDJLMPCnLnCwDBaDCn
fjmg0_si1811,HInUcDByvwULSamrLhInmrJnLhInJLMcJBy
fjmg0_si551,wUlcwcCblrnlwDeLMwJLMyLigaBLknLtaBLM
fjmg0_sx101,AwDLkrQaILDKcBLkInDLknLArsLlnILABbJIbCUtraBvaLksU
fjmg0_sx11,vyScBcBecInIBgD
fjmg0_sx191,SwNLkIateDybLAyJsKDUwDSgcDLMJ
fjmg0_sx281,AaIywDLMIsKLHBsLMbLSwNLhyLiLhaBJtrgrJ
fjmg0_sx371,IaDeDCsDaLhylwLhnJLMeCLtrLhwULDnJLCarLzrJ
fjsj0_si1484,lnIaBUFaDwJLJyLArUbtLMrLMIyU
fjsj0_si2114,JLMsLlyKUnLBnCybLlFULkgU
fjsj0_si854,vwDLMrwLzwDLMwnLJwUgULlrLhnDwtwLMJ
fjsj0_sx134,kwUnwLhrwLznDTrIywrDgJLCnDLJLkwJLHwDkwCgbDy
fjsj0_sx224,gLuOLkTrwLzrInDLMJ
fjsj0_sx314,vwJLHyLHBSrCaILznDrnUlnISwLhyDFDyLtaISnBtwr
fjsj0_sx404,haILhrLHsLHIwDByUwmwLhwLhgDQgr
fjsj0_sx44,lbULcLhaLMcLhwDwrLMsDyELuJLHaIrLM
fkms0_si1490,HvbLHJcLScUIgLMLHvbLHJwLSwULzcJLM
fkms0_si2120,vyLHgaULkLlnDvbmwLkLnQIwNwEcmwKwLwUcSnLHwD
fkms0_si860,lyUwDLtBPLkLByQUcQbLJDJwULlcBwJwUwDBsBtJ
fkms0_sx140,bLurLABLMIcLHIacLAUaIcDyQwDByLkwJLMIwLhwmw
fkms0_sx230,cBeBySsvwrLhcLIsKLDcBgULaBnrU
fkms0_sx320,lwDwrJwDwLuaLAwCsDaLhySwNwDcaLAwDLkwJLMwDLJ
fkms0_sx410,InLhgUtInKLCwBLAyLiLSyLksCaIDwE
fkms0_sx50,AemcJLMIatwLnQwDaCcLAcLHbLAJLCwLuBnLlcLHaIr
fmah0_si1289,ctBsDSwLMyUnLHnr
fmah0_si1919,nQIyCPQCwKyCsJyCLknDnJwNrByEDGUy
fmah0_si659,vywJsJLMIywUFUcBFDLTcmyLiLCsCcJInLAwDeJwUeDvwJLMIwsDw
fmah0_sx119,lwCwJLAFBcUIPLMIbLMrLkSwtwDwLHaBcLzy
fmah0_sx209,CgLABLAaBrLhcLhnLkIwCSaBSwNLAIsFDU
fmah0_sx29,vbLuIsLkwLHsLAwLHsLAwtLHwLMsmwU
fmah0_sx299,JgQwELAIsCwUwLHaLHwDwrIgmwCrDveBcSyC
fmah0_sx389,hseDrLhsLAvbJwcwDnIyCFLAcDLMyJgLk
fmgd0_si1564,cULhwDLIyScULkeDwLhgJLDsLInBtnDUwUbDLhnISrLuIsUwELAbmB
fmgd0_si2194,vyvnLtaBwDLMPScJatLzaLnDelwLzaLScULuFDwDvySwJLMIbDLkw
fmgd0_si934,cNaIryJsLHwmFJLMrUaIsLtIgDLMaILw
fmgd0_sx124,aLzwLAJLCsLkwQLATPmraLhTPmwtB
fmgd0_sx214,lwCaIDwELkPcDlcJLhgrSnLhBwJwDLkwDwJcD
fmgd0_sx304,KyLiJLkaLAwDNIaDlwtrJLMaDlnIScD
fmgd0_sx34,keDLkPLirByJLMrmyLkwKwU
fmgd0_sx394,AeJyCsLJLhFDUwDLMyLJLMIaE
fmld0_si2185,KyJwnLirILMwQDFLhFDUwDKIwDLMJLSnCLhbLASw
fmld0_si822,cLHrLkcLAKwDsLhywDLAIyJLhgmybDLHsDLtnLMwQLHrLHryUwQlwJLMIaLu
fmld0_si925,ScvySwUwDLAcJLMwLkywULSgLMcQaIJLMwcC
fmld0_sx115,lywCBcDLkwLHnLAJlywLAIaLHBwJaBcLuBF
fmld0_sx205,ncSwLMnILHrJDeBrwLAJLHnLMwLMPBLhsLucQrwnDaImrU
fmld0_sx25,SFDByBGrUBcQDswDrJ
fmld0_sx295,wtLAwIFLAcCJLMcCaIBvnQrIsDLitrCymyEnDLMP
fmld0_sx385,vwKFLkrtnBLkcUwtwLSrLhIFLAc
fmml0_si1040,DaIlwDwrUwDLknBcLzLwDbDwLAJLMIsByLksDLzrJBnLAKry
fmml0_si1670,MaLDcLhwULDwDJFQwvwraJLMsLAawDwSs
fmml0_si2300,CgCclrSwULhwJgmrJatcLATrIyaJwmy
fmml0_sx140,vnmrLAcBLiIBLHamnLAJcInDyQwDBywDLkwJLMcLhymw
fmml0_sx230,cBeBySsvwrLcLIbKDagUaBnrJ
fmml0_sx320,lwDwIwJwDwLuaLCsDaLhySwlwDSaLAywDLkwJLMwDLMJ
fmml0_sx410,uIwLhgUtrKLCeDLAyLiLSyLhLksCaIDwE
fmml0_sx50,AemcJLMIatwLAnLAwDaCwLAcLHbLAJLDwLuaILlcLHaI
fnlp0_si1308,wDLkywDwULHaJcLhFLMwJcLHIsLBnLMaCLHnrCwElwDwLtcDwLuBwIFNnLJ
fnlp0_si1938,tBgmwLSwDLkFULuBFLzwBLhgLkPlwLkeCLHBr
fnlp0_si678,JLcBQsJwDIyLAwDJnLkrLk
fnlp0_sx138,lwLABcCUyLAnJLMcCrJLHwBLJcCyLJLMwDLJwQLHrtTPDC
fnlp0_sx228,lcQTPLHGDLcQrBnLlywaIKwD
fnlp0_sx318,HByJLMwLCcCLlwLMsmaUcLhctaItIaJLM
fnlp0_sx408,aLkIaLlwJcLhBsLHnmavnQwDyDcQLisDLi
fnlp0_sx48,unCclreLuIPvrcLhIyDwCLHnmwLAvnLkU
fnmr0_si1399,lcJcJgwmyIwBwLuUwJLMnUwnDLMcwLMyFQrDcCLhcQlwLuBaCrsKwDcCnD
fnmr0_si2029,wDFLMcQaLAsCwDLMwvwUQGJ
fnmr0_si769,JFmcJgLMwLkIgSwNBwmaDKwLrLhF
fnmr0_sx139,lwLhcELucBFScULHBnJcDByJwLiPsmwLDwlcKaIr
fnmr0_sx229,gTPBOLAwEtaICLHBgCwDLM
fnmr0_sx319,cLhwLuFLMcLAgLkBybCLhBLkNIPlwtaICyaI
fnmr0_sx409,yLMyEJLHwCnDiLDgLByDLAIyJwJLMIsENQrbLATBcJBy
fnmr0_sx49,cLMSgBgLcDcDLMSatLMLksLScBvbLKcLhBy
fpas0_si1272,BnQrwLMrybJLMIwtwUwLAJ
fpas0_si2204,HIrmwyJPaICwLAwCcaELAwIwmwtBlnCLhIaBFUcSaLAwDJLMwnLA
fpas0_si944,wLctaICcUInDLMwlcIbCcJLhyLHsLk
fpas0_sx134,kwJcCLhrwLznDInIwDgJLCcDLJLMwJLHnDwCgsCy
fpas0_sx224,vFLuOmwUwIwDLkrcDLJ
fpas0_sx314,wtLMyLHaICaILzcDrwJlnIrLhyDFDyLktrSnBtnIC
fpas0_sx404,haILhrDLHsLHrDcByUwDcLhwLhatgar
fpas0_sx44,hcULAwLhBLAwDLhywDnDLMwLMsDLULaI
fpkt0_si1538,hwLAnIwLzLAIcDLiLhgwLJLkwCBgDLMLcBLMIwDNPlwLuBPC
fpkt0_si2168,lsCsLAcULADtaICwJBOLuO
fpkt0_si908,SyFSwULcSySwLkgQcNrLhPLMJcD
fpkt0_sx188,vPSaNIgUvywDBwCwmwmwLAJLHnJwLAe
fpkt0_sx278,MwtrlrvwULHIwJLMyLiTwLAsKDBwIyUlcSaBJLMIyLzrDB
fpkt0_sx368,BaIwULAaJLMPCymwLhBbLuBFULMcLhyLAcCLHByBynBcLun
fpkt0_sx8,SgTnBrSaIyFQrJwBygLkcCJ
fpkt0_sx98,unJlwLASnKwDtIcDlybDLJr
frew0_si1030,hIyLlwtgrLAIbLrJ
frew0_si1280,lcJwBLMrKaDSwLHrQgmaBJLMbLJBytaBnLHrLMnLAKwD
frew0_si1910,vyBwQwDLhIyLtIlcCgDwELAcCLHwDy
frew0_sx110,lwLhnJSwmcBrDwULkwJaBQnLAJLMIcLHIaLhBCLJ
frew0_sx20,KySaSaIDtByJySBcDFQrBU
frew0_sx200,IbBtLADLMIcBLkcJLMaLHaLiLDlcLhBsLirLJ
frew0_sx290,lwJLHIFKrwULhcLMPLTrBywCLHaICwLMwtrLHrJLhnLMyLhgr
frew0_sx380,SaILzaILzCcDytrUwLMLuaILhwLz
fsem0_si1198,vwUgwDJLhgwE
fsem0_si1828,bKByQsJnLvyLkwLMJByLhcLJcnKOIBywDtwQLBsLhcDvytrLua
fsem0_si568,bIgwUlwLAbKBJLMacDcLAIaKLMcDCgDSgLBnNr
fsem0_sx118,AcCLhgDaDwELuIsmnbnDLMJwDcBaILMLhFB
fsem0_sx208,IaLJbLhglwcLHaDcDLJLAnLJLlwJLMIsLuyJ
fsem0_sx28,HsLhnLuaILtcScDLkecDcQLkeJ
fsem0_sx298,aLunQcDaLhgQlyKPUwCLhycQrLiaILkJLM
fsem0_sx388,vrIgLkvbDsLMJLScDnQrlcLhrCnLMrLHInKrLisDLzwJ
majc0_si1946,lcInJLBwDLHIaLhBcCScULhgDFCyDJatLM
majc0_si2095,CgLkbLkwmwLDvylwQLMOLuIsLksLz
majc0_si835,JsBULCcDLiwLHwJLMwBLDnJcJnIwLhcmwLMJwLkwtrDLhIbDLkcQJsBUCcDLKw
majc0_sx115,lynCLhBcCLkwLHwLJyLAIaLHcBwJaBcLuBFc
majc0_sx205,SwBwLMnIyLHrJDbBrLAJLHnLMwLMPcBLhsLucQCwDaImrJ
majc0_sx25,FDByBGrUBFQDwBywDnrJ
majc0_sx295,wtLAnIcBLAcCULMcCaIcBLvbQrsDLtrCymwEDwLMP
majc0_sx385,vwKFBLkrtwBLnUwtwLSrLhIFLAwD
mbdg0_si1463,SwLAbDcSnQrCbLAJwCgJwLJwLAJLHnLMwLkQaTP
mbdg0_si2093,vylnDatrLkwUFDnJLMwCwmclcSnlrLSwLiScJLcDwDwUybJLMwD
mbdg0_si833,BnJLHrKwDBJnBULCwDKw
mbdg0_sx113,cCcJLMwrcLkwCwDwJLAOLktwrLhbLA
mbdg0_sx203,lwLAaUSywDLkwmcLhIcLHBywLlwKaIr
mbdg0_sx23,lcULCPUwKwDUvaICcDgULCaIBcJLBy
mbdg0_sx293,HByJLMsLlwJLMrmyLMsLhBLABaLMwlwLAByDwrUtrCy
mbdg0_sx383,lcwLAaILHwLAByDrKwCLHPmaIaIynDBIc
mbns0_si1220,lsaJFScDCcDyLHInJLMyKwDUwLATrLky
mbns0_si1850,cLuOLCaIFLMwPTPCgLhG
mbns0_si590,hIwLzwJLMcDBUcDtnIywUaIlcCFJLAaCcDCnLlcLUcQIwQrLAIaJwELU
mbns0_sx140,nLurLAcBLMrBLHIaDcLJaIcDyQwDByLkwJLMIwLhwLMw
mbns0_sx230,lcBeBySsvwrLhcLIbKDBgUaBnrU
mbns0_sx320,lwDwrJwDBwLuaLCsDaLhyScNnDSaLAwELkwJLMwDLJ
mbns0_sx410,uInLhgUtInKLDnBLAyLiLSyLksCaIDwE
mbns0_sx50,AnmcJLMIatwLAyLAwDaCwLAcLhbLAJLDlwLuBnLlcLHOSr
mbpm0_si1577,hIeDgUgLhIeCcJLMbK
mbpm0_si1584,InLMrwUatwDLATrywJLatwDLMnCLMwLknJLASnJLiwDULhwmyDnQrLkwn
mbpm0_si947,tTPIrcBnrwUcLHrLMnLMwLhgUaDwE
mbpm0_sx137,MrLkwKwDrLASgrULHInBcLHIPQBtIcDLkrsLzLCnrIrwLz
mbpm0_sx227,wLMvnBNTrLMwLAOLAScNbLKrQr
mbpm0_sx317,lwLAIwDLhIsLhaLkwLkJLryLHrmywDamcC
mbpm0_sx407,BbtLMbDLJDJwEwtaIKwDLJLCeUcLHgDTP
mbpm0_sx47,CaCULMIaDBwLkwJBgLAJbLHcLMgUrJ
mbwm0_si1304,vywSwUwLAJLHPFULkPcvaLhcBcJcLhyLunKLin
mbwm0_si1934,SsmcBOBSgB
mbwm0_si674,lwJwULDFJLHnLMsmrLMgLHwLAJLHwIywDLMJLlnIyScDwULMcLhywLHcLMwJLHwD
mbwm0_sx134,lwJwCLhrwDLzbDwSrDgJLCcDJLMcJLHwDLkwDCgbCy
mbwm0_sx224,vcLuPmwKrwDLkrwDLMJ
mbwm0_sx314,HyLHBSrCaILznDrwJlrLhyDPDyLktrSnBtr
mbwm0_sx404,haILhrDLHsLHrwDByQJwDcLhwLhaDtar
mbwm0_sx44,hbJLAwLHFBLAwDLhwDwmrLAsCwEJLHaI
mcmj0_si1094,CnrLAwDPJLHsLHrIyQTPrULCgLMwLAaLvwULMsULDyFnJLMwLA
mcmj0_si464,lcwcLHIaJLHbLMrQLAcmwELhbLAJLHnDwEwUDrDLMgUwDcDtInDwLucQrDr
mcmj0_si602,hcLlwKwLJwQnIywJFDecSyLkeDLunDJrCsJwBrUnDyCaI
mcmj0_sx104,vwJLMaBcLkgCtIcCcLhnLr
mcmj0_sx14,taILlrUlsUwLuUbCIyQywInQIytaIDc
mcmj0_sx194,CsDLzGrLScDgILkwKwD
mcmj0_sx284,zntLMrLTPaILTPmwEtsQrnQrJwDLMrtTPLzLHrLiwJ
mcmj0_sx374,zaIDcLAByDULKatnKtrIwCwQwD
mcsh0_si1549,TaBKOmcQBnLCyLkPaLM
mcsh0_si2179,CgCclrDnQrSaLHJLCy
mcsh0_si919,aQywJBylcLhIgLmkBLHnrvnUCwDynLznJLCcLiLMwCsLMwPlrDPJwLiPSsKwD
mcsh0_sx109,KyJBnLMwDJLHIyDvrsELAFaDlwKLMyLHJLBFLHc
mcsh0_sx19,cBPCcDcCJFQrSnrLAwnDatwDLhytBwCUy
mcsh0_sx199,TcELKwFLrDKOmcQGLkwLAJLHFKrLMPLAwDLMsLzwJLDwUyUwcU
mcsh0_sx289,SnlrLHIPtLucBaKwUrQrTPJtBwDJybmB
mcsh0_sx379,HbCLuwQULIgQwEBnJDUaDNrJLkyJ
mdab0_si1039,vyvOUDnQrvcCLJnBtLMcmsvstBLSwLiLMLhyvsmwLScLicLlcJvnU
mdab0_si1669,usLJgmwLmwDLkFDcLkcmctgmwJnBt
mdab0_si2299,JcCLMgJyLAaBcJgmcScNBbtaBwULhwywEwvFC
mdab0_sx139,lcLhcELuBFcJLHFJLByJwLiSwmwmwmwKaI
mdab0_sx229,aTPBvytFCLHGBwLM
mdab0_sx319,sLhwLuFIgmcBynLhBLMclctaIyaILk
mdab0_sx409,ymyEJLHwmnLzLDsByLAIyJwJLMIsNIbLKBFJLBy
mdab0_sx49,bLMSgBsLMcCcJtaLlsBveKcLhBy
mdlf0_si1583,tIcScDJIbmwLASwUcCScUrInLAcCwDLksKwD
mdlf0_si2213,JcCLhcmyScNDFQgJwU
mdlf0_si953,vwJLMaIwDUwQvnLMPIyUwDUtrLHrJwJLMyDJFaEwDlnIDQnJLMwLusKDU
mdlf0_sx143,lcJeDkcQLzwDrtrwULhTPLBJLAwrLlybDLMcB
mdlf0_sx233,vgSswDtIPsCyDlcJsCLJwE
mdlf0_sx323,lctaLHrQnDwDLlnCtaIgQyDaDLMgC
mdlf0_sx413,kbtyJLSymwKLDymBLHGDJLuaItCbLiLMrJLAr
mdlf0_sx53,yQwDwJcCLhcQBLAbIwBwrIyLAwDLMsDULJcCLhBU
mdls0_si1628,lwJLCgvwDBnLzrvwDtaDLMwCwmwmwQUaILuSs
mdls0_si2258,TPwDcvrySrDTwB
mdls0_si998,TnLlsNIgQamw
mdls0_sx188,vPaNrIgUycBwCwmwmwLAJLHnDJcwLAe
mdls0_sx278,kPtalrwULHnJLMyLiPLAsKByIyLkUlcBaJLMIyLzaImB
mdls0_sx368,BGULAaJLMPLkymwLhBbLuBFcQLMLhyLAcCLHByBybBwLuwDLM
mdls0_sx8,vSgTnBcSryFLrJwBygmcCLJ
mdls0_sx98,unJlwLASnJLiwDtcDlybDJr
mdvc0_si2174,avLKcmcLHLvyJnLk
mdvc0_si2196,vcLHrtInKwDcLhIaLCywULuOLkwDLAcCcUCgDcScUwDLMwLhyJLDyULMbLM
mdvc0_si936,cBgDyEvaBlcLMyJLCsLMsLAwTraICaI
mdvc0_sx126,aImwtwKBwDLMnBcLzwDLMJwUtrIyB
mdvc0_sx216,lcJLCaBLhGLHOLlcSaICaDlcvOLA
mdvc0_sx306,cLinFUwDtTPSOLhyLAaCLznDrBU
mdvc0_sx36,FDBylcCFJLMwLAaLHBwKLaImwJLcLMsDLHaLHTwBrmy
mdvc0_sx396,lwtwKLhyLunDLMcByLtIbDwLAByaDlcJrtcJwcQlcJLCaBsLA
mers0_si1019,lnCDkPLMPlwLAnDLMIyLSrtrLMPcULHOBLrCU
mers0_si1649,wLMJctIcCecmyLTPDF
mers0_si497,lwJLHBsmwUSBbCLJLlcLHcLHcJLMcBgLlcLiwBLkIwDLbDLkrLknLAIwmcQbLAJc
mers0_sx119,lwcCwJLASFBLScUIyLMIbLMwLkLSwNcDcLHaBcLzy
mers0_sx209,CgLABLAcBrLlcLhnLkrCSaBLScNLAIseDLkU
mers0_sx29,vcLuIsLlcLHwLAwLHbLAcLHwLHsmcLUJ
mers0_sx299,KsQwELAIsCwUwLHaLHwBrcgmcCaDvecSy
mers0_sx389,lseDwLhwLuveJLwDlwIwCFLAcLMIyJgLk
mgjf0_si1901,cScCLuIyULHBsmwLAIaJLMwLCPQwDTwLBgLASsnQU
mgjf0_si641,ABnQrBgLJaCUSrFQrByLAGDLMIbLzwLAJaEUcBwmBLMPCnBcLzrCbmwLA
mgjf0_si776,kwDaLMIaTaIDLMPLMsLM
mgjf0_sx101,AwDrDLiFLzwDLknLArsLMrLABbKIwCUQravaBcmsJ
mgjf0_sx11,vySaBerInrBg
mgjf0_sx191,SwNLkIatFDybLATPUsKDUwScDJ
mgjf0_sx281,AaIywDLMIwKLHBsLMbLASwNLhyLiLhaBJtrerJ
mgjf0_sx371,IgLDeCwDaLhylwLhnJLMgCtrLhwUwJLCrLzrJ
mglb0_si1534,wUwLhyLAcUcCgJBcQcCgDcJlwLvnILuIFUcCgtsJ
mglb0_si2164,lwLAnrQwJnBNnD
mglb0_si904,vyLHwILkwvnLkwELuIbDLkwUwInIcLMIbLAJLAwCwDLMwQTPcLunDLhcBF
mglb0_sx184,lwLAbLMJLCyTeBFBSwyJvrLJLhgwyrU
mglb0_sx274,uBwtLScJPNLhglwBcLzrwULCcJgK
mglb0_sx364,yLinDLMgCywDLAnCBaJLAFcDJamwLSwNcLhIsLkeDcQwvymwEJwJLMcCLHaILM
mglb0_sx4,zsDCsrCaILhcDyLhcSrLAwDvaILk
mglb0_sx94,TcEJLMwUBcQLAcCcDLAbDLkyULMIyLMJ
mgrt0_si1450,CyLMJLlwIysKwDLHIcJnJwELvcQCyLkvnUIyJyLkwLJLMnDLMJyLwDlwJLMwLusKD
mgrt0_si2080,vySwLDaLAnIywLhIyQLAsJ
mgrt0_si820,hglnDLkLScDtyBUcLCsLwDwLtaIJcULarULznDIBcncUyBnLMrLABtaIJcJ
mgrt0_sx10,cvTrLuIsLUvgrarmBarlcDbDLJyU
mgrt0_sx100,AIaLznLkcQnBCcDLHScJLHIrJymyELMPJLBFBy
mgrt0_sx190,JrwQUwLAFBJBaLvbtKrcbLlygnB
mgrt0_sx280,lwBsJcJLScUcCraK
mgrt0_sx370,lnwCGULHIaBcCLuIFULCarcDGEvyLiLks
mgwt0_si1539,twJLJLHcCBLkvwCbUyJLMbLurLktaIrIwLk
mgwt0_si2169,cLHJLMnIULhwJwtyLiKarwDCgLuIsDLkIaLHJLHbmrLkrIeDLkvrIyPC
mgwt0_si909,McCLHBJryIyLMgrCwDLkwLMJwLAJLMytgQcBPCUaDavrIgUwD
mgwt0_sx189,kwJLMIGnQIytgBIyBsmwLMcCgamwLMJ
mgwt0_sx279,bBwJwJcLhwBwLAyLMcSrLSwNeLJOLHrQwKwDLwUwDFLSrlw
mgwt0_sx369,haLHsLHrLkFLHwlcBwQwEIwCTrBJ
mgwt0_sx9,BvSnISrywvSgSBySrcSs
mgwt0_sx99,CymyQcJcJgwmyScULhsJLMaDcvgrIaILAyJ
mjar0_si1988,veUwJLMIgLATPBtaBrtsr
mjar0_si2247,SyLABwJcDByrKwD
mjar0_si728,AFLJlybLHBUcDlwJrcLtrLMaBQCnDwLJLMIyDcCwDLAFB
mjar0_sx188,SaNrIgUlywcDCcCwmwLknLAJLHnDJwLAaBcD
mjar0_sx278,MwtrlwULHIwJLMyKLvyTPLAsKDByIyLUcSaJLMIyLzrDcB
mjar0_sx368,QaIyULAgJLMwCwmwLhBbLABFULMwLhyLAcCLHByBynBwLunD
mjar0_sx8,SgTnBrSryFQrJwBygmcCU
mjar0_sx98,unJwLASnKwDtIcCybDJr
mjdh0_si1354,SwNwDcBaILzrJFKBJwJLMcCaIlwJLMIcLAKaDtcDLMKCaBJcLHJwJLMcCJ
mjdh0_si1984,nDScmgJlsSr
mjdh0_si724,wLMcwJLMIyCgDIgtBtbJLMwDScBCsLk
mjdh0_sx184,lwLAbLMJLhyeGJvrLiLCgyrU
mjdh0_sx274,lctvSOJPwULhglcBOLirIyJLCcJaK
mjdh0_sx364,yLinDLMgCBywDLAcCBaJLAFcwDLMJgmwSwNcLhIsLkeDctwvymwEJwJLMCLHaI
mjdh0_sx4,zsDCsrwDCaICaDyLhgSrLAwEvaILk
mjdh0_sx94,TcDLJLMPULBcQLAaDwELAbDLkPULMIyLiJ
mjfc0_si1033,wtLkaILAsCLlsSOLkBPUvr
mjfc0_si1663,vyNaLvyJaLHnBtsJvbmcSwDLkF
mjfc0_si2293,lFcUSrJLHnKLBylcScDUnLkaBclrLuIcDcLJLBbtLMnLkBemwJLM
mjfc0_sx133,HyLirIywUrLAwDQyDwDLtrLASwLABcLz
mjfc0_sx223,HOLlcLhSwLirLhBaLMsLhBwDwLurIaLz
mjfc0_sx313,kIaLtgtaIDKDlcLhaLhctaIyLuFn
mjfc0_sx403,vrSrLhIPLADJwJcQFDByKLMrLiwDLhBnKwJ
mjfc0_sx43,cBLkwcByLHyLHBratwDwLJLABPmw
mjln0_si1449,zytwDLMrJLMwDIsLkPcJLMnIBScwUsKwDIwUgLUwDcCcBcLMrJrQIwJwJ
mjln0_si2079,CsDwLJBbLlwrtgJ
mjln0_si819,lnrtaIJwUcCaIByLDPLhnDwywDBnLMIwJwmyLbDBnJlwDwDCbENwUcC
mjln0_sx189,kwJLMIGnQIytgIwBsmwLMPCgamwLJ
mjln0_sx279,bBcJwlwLhwBwmyLMcSrLASwleLJwLHrQwKwDLvwUDFSrUy
mjln0_sx369,haLHsLHrmFQrlcQwQwEPCwIrBJ
mjln0_sx9,SnISrTPSnBSySrSs
mjln0_sx99,ClwLkyQBJcJgmySwNLhsJLMaDvgraILAyJ
mjmp0_si1535,vyLibCLhBnJLMwULHyKwLktsB
mjmp0_si1791,DFlcCbDScUDaLKcDLMLvyScDLkrLvewLubLMgLkcLSwNwJLMIsDUr
mjmp0_si905,vwUSrLhyTbDLzwJwLMJLksUbtLMwLkwtBc
mjmp0_sx185,vwLzPLhgaDyLAaImrsFQraBU
mjmp0_sx275,JLMyQarLhIsLInLAbKCnIJLSnmr
mjmp0_sx365,lwLunDCwDLMnLMwUQnLMwCLAaIDrLmbLAnCLHGDLMtIcNIyerU
mjmp0_sx5,KywJLMnDrlwDgwC
mjmp0_sx95,vyLuSgDwUwDbBwLusmrUrLMbLHcLABInLMgBU
mjsw0_si1010,lcJFLAaQnLiwBgQIywUlcvaIrLkbDLkFJLhrCcQlywLuJgULkcLJyLk
mjsw0_si1640,veLkwLScDLzGEDlnC
mjsw0_si2270,kaLuULkwLkJcCLNwELMcScDUyLuF
mjsw0_sx110,lcLhnJLSsmcBrDwJLMcJaQnLAJLMrLHIaLhBCJ
mjsw0_sx20,KySaISaICtByJySOBwDcQraBU
mjsw0_sx200,IbBtLAwDLMIcBlcJLMaLHSaLitIcDcLhByLirJ
mjsw0_sx290,lwJLHIcKrJLHIrwLMwLAcBywDtaICwLMwtrLHrJLHnLMwQLhgr
mjsw0_sx380,SgLirLzCcDytrJnLzLuaIrLhwLzLw
mklt0_si1213,CeDkwLAJLHnrLJwUaBcQJwCLHBrBgCU
mklt0_si1843,KwySwUInmwtavrLuIsmwQnLirUDLkyIaQcBcQrCFLhBLHaILD
mklt0_si583,lwJLSyLAwDLJwLHcNnmwLABycDcJLMsb
mklt0_sx133,lwLJcrIywUwLADQyEwtaILASwLuBcDLJ
mklt0_sx223,HwLAcLhwLicLhBaLMsLBcDLkwLurIaLz
mklt0_sx313,IatatBCUDlcLhaLJLctaITPLuPe
mklt0_sx403,vSaILkIwLADJwJLMcQFBwyJLArLJwCLhBUDU
mklt0_sx43,nBLkPLHyLHBratcDwLAJLABPLkwLk
mlll0_si1363,JcLByULHwLAwBsKDJLCywJcClnrwLclrUwcwJnCLScDwCLhwLTPcJ
mlll0_si1993,KwLKySsLAwC
mlll0_si733,kPcQGLHcDLKIyDrLAcmwywDLMwCyLiJLMnJlcC
mlll0_sx103,AaDnLDBwDJtrCnmwLABcJwULMwDLJ
mlll0_sx13,JLSyETraICwUvgwUwLAbD
mlll0_sx193,SgLhgGBcLScDTaBcwKPULCgD
mlll0_sx283,HBbDLkLHnILvOmaILuwUsKwDULHCFLhrJLAwDLMIcB
mlll0_sx373,cLhaIyDaCBcUwJcLHrLHJwLAwDLHwB
mlnt0_si1574,BgJLSaIDcIeDlcLhaBlcLhBwDLMwcBUwDSyLivyCaLkwLhBaLhInLM
mlnt0_si1902,lcLHaJwELuBFclcJwLrInLM
mlnt0_si642,lnILHIaLJLSrLMPJLMbLHBbmrULcLinrbDcLHaCtbD
mlnt0_sx102,JLHbKcLMbJLtaIJwULInJLATPvaJLMwLzwJtrCLAwLDbLHrJ
mlnt0_sx12,ScBaLhwDSnrsTFBlwBy
mlnt0_sx192,JLMIavbLJLrvaBctbKwDLkwKwr
mlnt0_sx282,lwLMPNrytrLuaLMwLAaCSwDLIaLzrULMPNnBeLM
mlnt0_sx372,lnLkgwLuIaCsLAJnDJLHFDBybtLMrCcLJLMbmy
mmdb1_si1625,vyCsLJLhycELAFLtrLhB
mmdb1_si2255,vyJSaDrecLkvgULMSaILlcLhnLkIPBcCLJcCLtwtLMytymcSs
mmdb1_si995,bLkwtcDLMgCUyJrLkwULAByLABcQcDLABnrBymrLwDwUaIcLAwDcJLM
mmdb1_sx185,lwLzwLhgwDyLAaImrsFQrBU
mmdb1_sx275,JLMyQarcLhIsLInLAnKLCwKLSnmr
mmdb1_sx365,lwLAcCcDLAnLkwUQwLMcLAaIrmbLMcDLHGDLMIwNIyerU
mmdb1_sx5,KywJLlwDrlwDcBwcC
mmdb1_sx95,yLABaDwUwDbBwLAymrJnLMIbLHyLABcLInLMgBU
mmdm2_si1452,hBLMIyLIyUFBLJcQyIsmysKDLMnJLScNLHFBLMIyvnQwDLASgLJwLAJnJtB
mmdm2_si1555,cJyLHyQGJbDJrLk
mmdm2_si2082,vrLhGBwECnBLAsDLTP
mmdm2_sx102,JLHnKBLMbJLAtaIJwUInJLATPvaJcLzwUtICLAwLDcLHrU
mmdm2_sx12,SBIaLcDSrTnBFBwBy
mmdm2_sx192,JLMIavbLJrLmctbKDlwJTr
mmdm2_sx282,lcLMPNtwIytrLuaLMcLAcCSwDIaLzrULMPNtcBF
mmdm2_sx372,lbLhgLuIbDCsLAJnDJLScBybLMrCcLiJLMnmy
mmjr0_si1648,TFUctwrByCaILCFLMnBLSwNLASGmwLhwmcQcBnLMLABLkcJLHBsDtIaDLM
mmjr0_si2166,BOLALJLIyUaILMLJcCtPBScU
mmjr0_si2278,hTPLMsLAJwDtaLAeDyULMPLhnLkIcCU
mmjr0_sx118,lcLhgDcaByELurywDJLvbBaILzLhFB
mmjr0_sx208,IaLhJvbLhglcLHaDLkLwDULunLiLlwJLMIsLuyJ
mmjr0_sx28,ksEQbLuaILktIaDLunBcDcQLubJ
mmjr0_sx298,gLkIelcDaLHgQyKPULlwDQyFQrLiaILzLk
mmjr0_sx388,vrwvbDsLAJLScDnQrlcLhnrCnLMIwLALHInKrLiwDLzwU
mmwh0_si1089,HrvbLHJNwEULSIyQwDSrJNnD
mmwh0_si1301,kyDJLAwDtaICwDwCLHaILDLhIPLzLhwLMSyDlwLHrKUlwDLcDtbLABLMy
mmwh0_si459,vytrlrLHrLHIFULuIbDLJcQcDcDLJLhnJctgLMJFCLtrLJLHrCwDLMBvaJLhwmBJ
mmwh0_sx189,wKLMIgnQIyteIBymwLMwCgamwLMJ
mmwh0_sx279,bBcJwUwLhwBcLMPLMcSrLASwleLJPLHrQwKwDwULDFLSwNw
mmwh0_sx369,haLHsLHrmFQcBwQwErwCTaIBJ
mmwh0_sx9,SnIwTPSBSySrSs
mmwh0_sx99,DwLkyQBJgwmyScULhsJLkaDvgrLMyJ
mnjm0_si1580,vyaSwJsCLlcvbLCcDwLnDvnULHaLAw
mnjm0_si2210,DaIyLHrDbLkIcJLScLJFr
mnjm0_si950,bJaLiLwScULhyaCLHaBcLNnLJcDvbLDFDymcLlcNclcLAsKwDLSgsCnNwLz
mnjm0_sx140,bLIwLAaBLMcBLHIamcLJaIaDyQGwylwJLMIcQwmw
mnjm0_sx230,cBeBySsvnIcLhcIaLJLDBgUaBnrQ
mnjm0_sx320,lcDlnrcJnDcLuaLuLCsDaLhPScUvnSaLAwELlnLlwDLJ
mnjm0_sx410,uInLhgUtIcKLCnBLHyLiLSsLlsCaIDwE
mnjm0_sx50,bmcJLMIatwLAbLAcDaCwLAcLHbLAJLDwLuBbLlcLHaI
mpam0_si1189,swLtwBLucDUSrLAbLirmwDLHwUwKwD
mpam0_si1819,vyIcLhwUgJByLHBySwNScDvTPLzLHFB
mpam0_si1961,cJnLAwLMSwLiLMwKrLJLByQLnwDytnBLlcLhIyNLhrDcCwUcLhIaIC
mpam0_sx109,KwJBwLMwDJLHIsDLkrbELAScDlcwJLMyLJBFLH
mpam0_sx19,cBPDJcDSrLAwDatDLhytBwCUy
mpam0_sx199,TcELiwBLkwDLiwmwQaIwLkwLAJLHFKrLMcLAwDLMsLzcJLkMPUPUcU
mpam0_sx289,SnlwLHrQLucBaKwUrQrTPJtBDJybmB
mpam0_sx379,MbCLkwQLkIaLQwEBnJDUFCLNrJLksJ
mpdf0_si1542,lwtyLSraICyKPJwDaQTwJLMwJIPLHnr
mpdf0_si2172,JLMInELNLhyLubDLkwUwLHLcLHwDLkeDvwULinJLM
mpdf0_si912,TPCsCsKrJnBtwDwLASgrIywBCbLAtaI
mpdf0_sx102,JLHnKwBLMbJLAtaIJwULInJLATPLvaJLMwLzwJtIcCLAwLDbLHrJ
mpdf0_sx12,SwBLIaLhcDSnrcTnBFBwBy
mpdf0_sx192,JLMIavbLMJramctbKDnJTwr
mpdf0_sx282,lwLMPNtwIwtrLuaLMwLAcCScDIaLzrULMPtnBc
mpdf0_sx372,lbLkgwLuIbCsLAJnDJFCybtLMrCcLiJLMnmy
mrcs0_si1223,lwIwLAFLJLIbDBgLAIbLhwLMJ
mrcs0_si1853,lcJLwQbDJwLArLkwDQwLMwDULisDUwDwcLHwIwDJLnDPwDUcrIgQLk
mrcs0_si593,lwLubBcDLMvbLJwmywULkgwDcDwLJtyLM
mrcs0_sx143,lwJeDLkcLznDctrULhTPLhBJLAwrlybLBFLH
mrcs0_sx233,vgSsbDLtIySsCwDlwJsCLNwE
mrcs0_sx323,lctaLHIPQnDwLlnCtrCrIgQwEaDLMgC
mrcs0_sx413,MbtLDyJLSymyKLDymBLHGDLJLAaItLCbLiLMrJLArLM
mrcs0_sx53,yQwDcJwCLHBLhOLAbLhwBwIyLAwDLMsDJwCLhBU
mreb0_si1375,atwDLkaCcDwLJLMInJwCLHBywDLkwLAsLMPJnDrIwELFQwLMnDKwDaIyCFKwD
mreb0_si2005,vyLnLkBntLMrywDQgBwLNsLAyEtrCnBywrmySwLznDLHFvrwDLMaIC
mreb0_si745,hIsFaILMFJLkwUTPKPB
mreb0_sx115,lywCBcCLkwLHsLAJyLAIaLHBwUaBcQBF
mreb0_sx205,DFLMryLHrJDeBrwLAJLHnLAwLMPFLhsLucQCwDaImrU
mreb0_sx25,FDByCGrULBcQCswDwrU
mreb0_sx295,wLArBLAcCULMCaIBLvnQrIsDtrCymwEwLMP
mreb0_sx385,wKFLkrtnBLHnUwtwSwLhIFLAwD
mrjm4_si1489,bmDBaJLAPBLlcJsC
mrjm4_si2119,TwDULMwELMcLkwJcLHBDbJLhwDCaJLM
mrjm4_si859,sDaDLADLMrLhyLMrwLHBbDTPUySacLHsatIlcSrLArwDLMwBwIwLMvgrJ
mrjm4_sx139,lcLhcELuBFScJLHFUDyJwLiPsmwLDTrlwKrar
mrjm4_sx229,aIywBOLAyEtaICLHBaDcDLk
mrjm4_sx319,vwLhwLuFLMgLByvbCLhBLNIPlwtaICTr
mrjm4_sx409,vymyDJLHwDKLDgCyDLHIyJwJLMIbELCIbLATPcJSwy
mrjm4_sx49,vbLMSaBgLkcDlcLMIatLksSwBbQKrLhBy
mrjr0_si1182,hcmnJLkwtInDKysLkwtTPclyUgLkywU
mrjr0_si1812,yLirDwLkywUDFLMgCtaIwLAIwCwDyKDU
mrjr0_si2313,SnBcLiPDTrLkwLCwDJyLMFDBySaDLwDCwJLMIwvnDryLkwLDyQwDLkPlbLSnB
mrjr0_sx102,JLHnKBLMbJLtaIJwcUInJLATPvaJwLzwUtrCLAwLDbLHrU
mrjr0_sx12,SnBIaLhwDSnrsTnBFBwBy
mrjr0_sx192,JLMIavbLkJaIemctbKwDlwJyr
mrjr0_sx282,lwLMPNnIytrLuaLMwLAaCSwDIaLzrULMPLtnBeLH
mrjr0_sx372,lbLkgLuIbCsLAJbDJFDBybtLMrCcLiJLMcmy
mroa0_si1307,lwJwUDFDwULActLCsKLDBwDLMLHw
mroa0_si1970,lwLAIwBwEwLkwDctFLhwDcCIwywyLADLMPLkwLkaDwUcQCFSwDwBJLIrIeD
mroa0_si677,McCLHnIwLScLAIPDULAcLhyDFmwQwBJLSr
mroa0_sx137,MILkwKDBLAarULHIcDFBLHIPQBtIcDLuIyLzLurLz
mroa0_sx227,wLJwBNTrLkLAOLALclnBLMKPLhr
mroa0_sx317,lwLAIbCLhrIyLhFBLkwLJLhIPLHIwLkywDFmcC
mroa0_sx407,BnctLkbDLJLwDJwEwtaILADJLCaBULHaIDTP
mroa0_sx47,CaCJLMIaESyLkwJLBgLAJnLHLMcKrU
mrtk0_si1093,ScmnBCcJwQrLhyvsQraILkyJgJwt
mrtk0_si1723,wDPgLkywLkIwtLMwDnDtrCDFSr
mrtk0_si1750,AwlywCbJIwCJnBtylcCbDaDlwJgLlcLHIgCwDwJLMrtwr
mrtk0_sx103,vaDbCLhwBwDUtrCnDwLABJwJLMDLJ
mrtk0_sx13,JSwETraICwUvgKPLAbD
mrtk0_sx193,SgCgGBSwDTPaSwLUTPUCgC
mrtk0_sx283,HBbDLHrDvOmaILwDwUsKDULtrCFDLhrNLAwDLMIcB
mrtk0_sx373,wCaIwEDaQGwUwJcLHrLJyLHwyELHnB
mrws1_si1130,KwlwLAJnBrwmwELuIFNcQLMnLDaBcLzPlnDSaIDcJ
mrws1_si1496,btLMrlbLQgBcLJLScUwLuUcBLMcDLMcByUy
mrws1_si500,lnrCaIaLNywJLDwDLtcCsmybLAJcDwDyLHIaQIrmgJwrU
mrws1_sx140,bLurLABLMIFLHIamnLJrcDyQwDByLkwJLMrLhyLkwLk
mrws1_sx230,cBeBySsvwrInLIbKwBgUaBnrU
mrws1_sx320,lwDwIwJwDwLuaILCsDaLhySwNwDSaLAwDLkwJLMwDLJ
mrws1_sx410,uInLhgUtInKLCFLAyLiLSwyLksCaImwC
mrws1_sx50,AbmwJLMIatwLAyLAwDcCrLAcLhbLAJLCwDLuBnLMcLHaIr
mtaa0_si1285,tnDByIbKLDyELHIaLBwSOLhyDnJrwy
mtaa0_si1915,lwSwUlnIwLKySOLkvbtLMPwDbLMrIyDcJysKDLrLutrLuwQDcJ
mtaa0_si596,aDlyUlstwBsLAwDFBg
mtaa0_sx115,lcnBcCLMcLHwLAJlBwLAaLHBwJLaBcLuBF
mtaa0_sx205,lFLMrIyLHrJLDaIwcLAJLHnLMwLMPLhsLucQrBwLBImrU
mtaa0_sx25,SFDByBGTrUBFQDBywDnrJ
mtaa0_sx295,wtLArBLAcCJCaIBLvbQrIsDLMtIrCymyDnLMP
mtaa0_sx385,vwKOBrtwBLnUwtwLSrLhIFLAwD
mtas1_si1473,TFIymwDlctLcDy
mtas1_si2098,vyLuywQwKaILkvaILkBbtwDBOLMwvrDFwEBy
mtas1_si838,wELAIyJwELMnwCLhFBcQDTPLHIamwLkwQnBLCw
mtas1_sx118,vcCLhgDaBlyELuIymywDLJLwDcBaILzLhOB
mtas1_sx208,IaLhJbLhglcLHaDLkwDJLAnLzLlcJLMIsLkyJ
mtas1_sx28,hsLlnLuaILktrScDLunBcDcQLunJ
mtas1_sx298,gLInlwDcLhgwLkyKPUlwCLhyFQrLiaILzLk
mtas1_sx388,vrIgLkvwDLsLJLScmnQrlwLhnrQnLirLHInKrLisDLzwU
mtdt0_si1994,JOBtaByULhwrUScULkwLunLCywCLhwLCbDTPLzwJLHnDcBSamcCaDy
mtdt0_si2254,ASgByvyLkwLMrCcDLkctGBvr
mtdt0_si994,vrJLMcmywQvwJLMrIyScULHrJwJLMcDByLHrJPLk
mtdt0_sx184,lwLAbLJLCyeaIUvrLiLCgTwrU
mtdt0_sx274,ABwtScLJPlcLhgmcBcLKTrywJLCcJaLz
mtdt0_sx364,yLzcDLMgCBywDLAcCBaJLAFBcDJgmwLSwNcLhIsLkemcQwvymwEJwJLMcCLHaI
mtdt0_sx4,zsDCsrDCaICcmyLhgSrLAyEvaILk
mtdt0_sx94,TcEJLMrULBFQLAaCcDLAbDLkywULMIyLJ
mteb0_si1133,wLAnDLHrLzbLABaEIsDLiLuFBUtaILJnBt
mteb0_si2064,vySwULuwtLMwLkSwNbDcCbEwLMwUcDLbDcLHFmDcBrtrScDCsDFQnDyIsJ
mteb0_si503,lwnIyaJLMwrTnrsJy
mteb0_sx143,lwJeDLkwQLznDwtrULhTPlBJLAwrLlybDcBFLH
mteb0_sx233,vgSswDtySsCyDcJsCLNwE
mteb0_sx323,lctaLHrQnDwDLknCtcCrIgQwEaDLMgC
mteb0_sx413,ubtLDyJLSymwKLDymBLHGJLAaItCbLiLMrJLAr
mteb0_sx53,vyQwDwJwCLHBQFLAbLIwBrwLAwDLMsDJnwCLhBU
mthc0_si1015,vsbDLHbKraILlyclrLiyJaIJcwUcQSaLJLMaLAtyLk
mthc0_si1645,JcLiLaBLMcCwUcCScULACLHByBycDLzcJLMctgLk
mthc0_si2275,wmaBLkwLkOLAlnIytwKDLknDKOLHKsLl
mthc0_sx115,lywCLhBwDLkwLHnLAJlywLAIaLHBcwJaBwLuBFB
mthc0_sx205,DFLirIyLHrJDeBaIwLAJLHnLMwLMPFLhsLucQrCcwDLMaImrU
mthc0_sx25,FDByBGrUBFQCwBwDnrU
mthc0_sx295,wtLArBLAcCJLMaIBvbtrIsDtrCymyEnLMP
mthc0_sx385,vwKFBLkrtnBLMnUwtwSrLhIFLAwD
mtls0_si1370,SwCsJsmwLvwJLHIaCcDScULhgLDFJLMLhwLlnLvyIwtTPJLMIyLCwD
mtls0_si2000,SyLAwELuwmwLwtwLMwyLkLvwtwLHsKwLBy
mtls0_si740,kPSwNeLtnbDJyLMsLhBaBcQU
mtls0_sx110,lcLhbJLASsLMcCgrDwJLMwJaQnLAJLMrLHIaLHcDLU
mtls0_sx20,KySaISaICtByJyScBcDFQrBU
mtls0_sx200,IbtLAcDLMIFLlcJLMaLHaLiLIwDlcLHyLirU
mtls0_sx290,lwJLHIrQKTrwJLHLAwnwLwDtaCLMIPtaILHrJLHnLMcQgr
mtls0_sx380,SgLMaILzCcDytrJnLiLuaILHwLi
mwbt0_si1553,veSnQclcBwmrIyCsLkaLhbDLMwLhgJnQBLkcUcDBcDLitIPCJcLHrU
mwbt0_si2183,hOLJctcKDcLAJ
mwbt0_si923,MPCnDynLAJLHrLilwJLMInDScUwDnQcmcLhB
mwbt0_sx113,sCcJLATwBcbLkcCnDwULuOLktaTwLhbLA
mwbt0_sx203,lwLAaUSsnDLkwLkcLhIcLHBslbLlcKaI
mwbt0_sx23,lFULDPUwKwDUvgCcDgULCgaQBcJBy
mwbt0_sx293,lByULMsLlwJLMPmyLMsLhBLASaULMwlwLAByDcUtcDs
mwbt0_sx383,lwLAaLHwLABylrULKbCLHPLkgaIycDLMcBIaLk
mwew0_si1361,SOmwDlwJLScDJnLKDSySnBLAcCLkamwmrU
mwew0_si1991,SBamcLQyLHBIFDlwJLMIyLiwDLAaJLMwDUwDCnJLAJwDnQwEcCaB
mwew0_si731,ctTrUBsmrlwLkFDLtnBwD
mwew0_sx101,AwDwLurDLiwBLkrwDLknLArsLlrLABnJrCUIaBFcLksJ
mwew0_sx11,vySBcBerQInIBg
mwew0_sx191,SwLkIaBtFDybLATPUsKDUwScDLJ
mwew0_sx281,AaIywDLMIwKLHBsLMnLSwLhyLiLhaBJtrerJ
mwew0_sx371,IsLDeCwDcLhylwLhnJLMgtrLhwUDwJLCrLzwJ
mwjg0_si1124,BnLDyLAFLMvwCyLlwDCaItByLtrvwUwDbBcJcwJwUcCLHaILDLMcCgLNyC
mwjg0_si1754,vyJnLlwLAIyUytPBLvbNcBeD
mwjg0_si494,sLJBFBywLByULMScDvbLHerBaELur
mwjg0_sx134,lwyJnwCLhIwDLzgDTPIswcDgJLCcDLJLMwJLHwDLkwLCgbDwy
mwjg0_sx224,veLuPLkwUTrwDLkaIwDLJ
mwjg0_sx314,wLHyLHcScLicDIcJLlwSwLhyDFDyLtcSnBtnIr
mwjg0_sx404,aILhcLhrwDLkLHsLHrwDLByQUwDlcLHwLQaDtgr
mwjg0_sx44,bJLMcLhaBLAwDLhywDwDwLMsDwELULHaI
